Rk,Player,Tm,Cap Hit,2013-14,2014-15,2015-16,2016-17,2017-18,Signed Using,Guaranteed
1,Kobe Bryant,LAL,30453805,30453805,23500000,25000000,,,Bird Rights,78953805
2,Dirk Nowitzki,DAL,22721381,22721381,,,,,Bird Rights,22721381
3,Amar'e Stoudemire,NYK,21679893,21679893,23410988,,,,Bird Rights,45090881
4,Joe Johnson,BRK,21466718,21466718,23180790,24894863,,,Bird Rights,69542371
5,Carmelo Anthony,NYK,21388953,21388953,23333405,,,,Bird Rights,44722359
6,Dwight Howard,HOU,20513178,20513178,21436271,22359364,23282457,,Cap Space,64308813
7,Pau Gasol,LAL,19285850,19285850,,,,,Bird Rights,19285850
8,LeBron James,MIA,19067500,19067500,20590000,22112500,,,Bird Rights,39657500
9,Chris Bosh,MIA,19067500,19067500,20590000,22112500,,,Bird Rights,39657500
10,Dwyane Wade,MIA,18673000,18673000,20164000,21655000,,,Bird Rights,38837000
11,Chris Paul,LAC,18668431,18668431,20068563,21468696,22868828,24268960,Bird Rights,83074518
12,Deron Williams,BRK,18466130,18466130,19754465,21042800,22331135,,Bird Rights,81594530
13,Rudy Gay,SAC,17888931,17888931,19317325,,,,Bird Rights,17888931
14,Kevin Durant,OKC,17832627,17832627,18995624,20158622,,,Bird Rights,56986873
15,Zach Randolph,MEM,17800000,17800000,16500000,,,,Bird Rights,17800000
16,Derrick Rose,CHI,17632688,17632688,18862875,20093063,21323250,,Bird Rights,77911876
17,Blake Griffin,LAC,16441500,16441500,17674612,18907725,20140838,21373950,Bird Rights,94538625
18,Paul Pierce,BRK,15333334,15333334,,,,,Bird Rights,15333334
19,Carlos Boozer,CHI,15300000,15300000,16800000,,,,Bird Rights,32100000
20,LaMarcus Aldridge,POR,14878000,14878000,16006000,,,,Bird Rights,30884000
21,Marc Gasol,MEM,14860523,14860523,15829688,,,,Bird Rights,30690211
22,Russell Westbrook,OKC,14693906,14693906,15719062,16744218,17769374,,Bird Rights,64926560
23,Kevin Love,MIN,14693906,14693906,15719062,16744218,,,Cap Space,30412968
24,Brook Lopez,BRK,14693906,14693906,15719063,16744219,,,Bird Rights,30412969
25,Emeka Okafor,PHO,14487500,14487500,,,,,Bird Rights,14487500
26,Eric Gordon,NOP,14283844,14283844,14898938,15514031,,,Bird Rights,29182782
27,Roy Hibbert,IND,14283844,14283844,14898938,15514031,,,Bird Rights,29182782
28,Luol Deng,CLE,14275000,14275000,,,,,Bird Rights,14275000
29,Tyson Chandler,NYK,14100538,14100538,14598888,,,,Bird Rights,28699426
30,Danny Granger,PHI,14021788,14021788,,,,,Bird Rights,14021788
31,Andrew Bogut,GSW,14000000,14000000,,,,,Bird Rights,14000000
32,David Lee,GSW,13878000,13878000,15012000,15493680,,,Bird Rights,44383680
33,James Harden,HOU,13701250,13701250,14728844,15756438,16784031,17811625,Bird Rights,69876376
34,Josh Smith,DET,13500000,13500000,13500000,13500000,13500000,,Cap Space,54000000
35,Al Jefferson,CHA,13500000,13500000,13666667,13833333,,,Cap Space,27166667
36,Ben Gordon,CHA,13200000,13200000,,,,,Cap Space,13200000
37,Nene Hilario,WAS,13000000,13000000,13000000,13000000,,,Bird Rights,39000000
38,Andre Iguodala,GSW,12868632,12868632,12289544,11710456,11131368,,Bird Rights,48000000
39,Tony Parker,SAS,12500000,12500000,12500000,,,,Bird Rights,16000000
40,Kevin Garnett,BRK,12443735,12443735,12000000,,,,Bird Rights,24443735
41,Serge Ibaka,OKC,12350000,12350000,12350000,12350000,12350000,,Bird Rights,49400000
42,Nikola Pekovic,MIN,12100000,12100000,12100000,12100000,12100000,11600000,Bird Rights,60000000
43,David West,IND,12000000,12000000,12000000,12000000,,,Early Bird Rights,24000000
44,Kris Humphries,BOS,12000000,12000000,,,,,Bird Rights,12000000
45,Al Horford,ATL,12000000,12000000,12000000,12000000,,,Bird Rights,36000000
46,Rajon Rondo,BOS,11954545,11954545,12909091,,,,Bird Rights,24863636
47,Andrea Bargnani,NYK,11862500,11862500,11500000,,,,Bird Rights,23362500
48,Nicolas Batum,POR,11295250,11295250,11765500,12235750,,,Bird Rights,35296500
49,Joakim Noah,CHI,11100000,11100000,12200000,13400000,,,Bird Rights,36700000
50,Richard Jefferson,UTA,11046000,11046000,,,,,Bird Rights,11046000
51,DeAndre Jordan,LAC,10986550,10986550,11440124,,,,Bird Rights,22426674
52,Ty Lawson,DEN,10786517,10786517,11595506,12404495,13213482,,Bird Rights,48000000
53,JaVale McGee,DEN,10750000,10750000,11250000,12000000,,,Bird Rights,34000000
54,Tim Duncan,SAS,10361446,10361446,10000000,,,,Bird Rights,10361446
55,Tyreke Evans,NOP,10300000,10300000,10763500,11227000,11690500,,Bird Rights,43981000
56,Danilo Gallinari,DEN,10146925,10146925,10854850,11559225,,,Bird Rights,32561000
57,Gerald Wallace,BOS,10105855,10105855,10105855,10105855,,,Bird Rights,30317565
58,Tiago Splitter,SAS,10000000,10000000,9250000,8500000,8250000,,Bird Rights,36000000
59,Stephen Curry,GSW,9887642,9887642,10629213,11370786,12112359,,Bird Rights,44000000
60,DeMar DeRozan,TOR,9500000,9500000,9500000,9500000,9500000,,Bird Rights,38000000
61,Paul Millsap,ATL,9500000,9500000,9500000,,,,Cap Space,19000000
62,Shawn Marion,DAL,9316796,9316796,,,,,Bird Rights,9316796
63,Steve Nash,LAL,9300500,9300500,9701000,,,,Bird Rights,19001500
64,Jrue Holiday,NOP,9213484,9213484,9904495,10595507,11286518,,Bird Rights,41000004
65,Anderson Varejao,CLE,9036364,9036364,9704595,,,,Bird Rights,13036364
66,Andris Biedrins,UTA,9000000,9000000,,,,,Bird Rights,9000000
67,Kendrick Perkins,OKC,8977437,8977437,9654342,,,,Bird Rights,18631779
68,Jeff Green,BOS,8965000,8965000,9445000,9445000,,,Bird Rights,17900000
69,Thaddeus Young,PHI,8850000,8850000,9410870,9971739,,,Bird Rights,28232609
70,Jameer Nelson,ORL,8600000,8600000,8000000,,,,Bird Rights,12600000
71,Charlie Villanueva,DET,8580000,8580000,,,,,Cap Space,8580000
72,Rodney Stuckey,DET,8500000,8500000,,,,,Bird Rights,8500000
73,Omer Asik,HOU,8374646,8374646,8374646,,,,Cap Space,16749292
74,Jeremy Lin,HOU,8374646,8374646,8374646,,,,Cap Space,16749292
75,Nenad Krstic,BOS,8314674,,,,,,,
76,Ryan Anderson,NOP,8308500,8308500,8491500,8500000,,,Bird Rights,25300000
77,Mike Conley,MEM,8200001,8200001,8894216,9588426,,,Cap Space,26682643
78,Marcus Thornton,BRK,8050000,8050000,8575000,,,,Cap Space,16625000
79,Caron Butler,PHO,8000000,8000000,,,,,Cap Space,8000000
80,O.J. Mayo,MIL,8000000,8000000,8000000,8000000,,,Cap Space,24000000
81,George Hill,IND,8000000,8000000,8000000,8000000,8000000,,Bird Rights,32000000
82,Monta Ellis,DAL,8000000,8000000,8360000,8720000,,,Cap Space,16360000
83,Jeff Teague,ATL,8000000,8000000,8000000,8000000,8000000,,Bird Rights,32000000
84,Ersan Ilyasova,MIL,7900000,7900000,7900000,7900000,8400000,,Bird Rights,24100000
85,Arron Afflalo,ORL,7750000,7750000,7750000,7937500,,,Bird Rights,15937500
86,Trevor Ariza,WAS,7727280,7727280,,,,,DPE,7727280
87,Marcin Gortat,WAS,7727280,7727280,,,,,Early Bird Rights,7727280
88,Brandon Jennings,DET,7655503,7655503,8000000,8344497,,,Bird Rights,24000000
89,John Salmons,TOR,7583000,7583000,7000000,,,,Bird Rights,8583000
90,Taj Gibson,CHI,7550000,7550000,8000000,8500000,8950000,,Bird Rights,33000000
91,Marvin Williams,UTA,7500000,7500000,,,,,Bird Rights,7500000
92,Manu Ginobili,SAS,7500000,7500000,7000000,,,,Bird Rights,14500000
93,Goran Dragic,PHO,7500000,7500000,7500000,7500000,,,Cap Space,15000000
94,John Wall,WAS,7459925,7459925,13701250,14728844,15756438,16784031,1st Round Pick,86242113
95,Tayshaun Prince,MEM,7235955,7235955,7707865,,,,Bird Rights,14943820
96,Steven Hunter,MEM,7022400,,,,,,,
97,Robert Horry,SAS,6897000,,,,,,,
98,Wesley Matthews,POR,6875480,6875480,7245640,,,,MLE,14121120
99,Jose Calderon,DAL,6791570,6791570,7097191,7402812,7708427,,Cap Space,29000000
100,Kyle Korver,ATL,6760563,6760563,6253521,5746479,5239437,,Bird Rights,24000000
101,Evan Turner,IND,6679867,6679867,,,,,1st Round Pick,6679867
102,Amir Johnson,TOR,6500000,6500000,7000000,,,,Bird Rights,11500000
103,Carl Landry,SAC,6500000,6500000,6500000,6500000,6500000,,Cap Space,26000000
104,Kevin Martin,MIN,6500000,6500000,6792500,7085000,7377500,,Bird Rights,20377500
105,Spencer Hawes,CLE,6500000,6500000,,,,,Bird Rights,6500000
106,Brandon Bass,BOS,6450000,6450000,6900000,,,,Bird Rights,13350000
107,Channing Frye,PHO,6400000,6400000,6800000,,,,MLE,6400000
108,Glen Davis,ORL,6400000,6400000,6600000,,,,,13000000
109,Wilson Chandler,DEN,6344164,6344164,6757913,7171663,,,Bird Rights,15102077
110,J.J. Redick,LAC,6300000,6300000,6583500,6867000,7150500,,Bird Rights,26901000
111,Jarrett Jack,CLE,6300000,6300000,6300000,6300000,6300000,,Cap Space,19400000
112,Landry Fields,TOR,6250000,6250000,6250000,,,,Cap Space,12500000
113,Kyle Lowry,TOR,6210000,6210000,,,,,Bird Rights,6210000
114,Jason Richardson,PHI,6204250,6204250,6601125,,,,Bird Rights,6204250
115,Derrick Favors,UTA,6008196,6008196,12833333,11933333,10983333,11933333,1st Round Pick,53691528
116,Hedo Turkoglu,ORL,6000000,6000000,,,,,,6000000
117,Andrew Bynum,CHI,6000000,6000000,,,,,,6000000
118,Gerald Henderson,CHA,6000000,6000000,6000000,6000000,,,Bird Rights,12000000
119,Robin Lopez,POR,5904261,5904261,6124728,,,,Bird Rights,12028989
120,Chuck Hayes,TOR,5722500,5722500,5958750,,,,Cap Room,11681250
121,Jason Thompson,SAC,5643750,5643750,6037500,6431250,6825000,,Bird Rights,20762500
122,Jason Terry,SAC,5625313,5625313,5850313,,,,MLE,11475626
123,Kyrie Irving,CLE,5607240,5607240,7070730,,,,1st Round Pick,12677970
124,J.R. Smith,NYK,5565000,5565000,5982375,6399750,,,Early Bird Rights,11547375
125,Rudy Fernandez,DEN,5451108,,,,,,,
126,Anthony Davis,NOP,5375760,5375760,5607240,7070730,,,1st Round Pick,10983000
127,Anthony Bennett,CLE,5324280,5324280,5563920,5803560,7318289,,1st Round Pick,10888200
128,Courtney Lee,MEM,5225000,5225000,5450000,5675000,,,Bird Rights,16350000
129,Jamal Crawford,LAC,5225000,5225000,5450000,5675000,,,MLE,8225000
130,Louis Williams,ATL,5225000,5225000,5450000,,,,MLE,10675000
131,Zaza Pachulia,MIL,5200000,5200000,5200000,5200000,,,Cap Space,15600000
132,Martell Webster,WAS,5150000,5150000,5381750,5613500,5845250,,MLE,21990500
133,J.J. Hickson,DEN,5150000,5150000,5381750,5613500,,,MLE,16145250
134,Keith Bogans,BOS,5058198,5058198,5285817,5513436,,,Early Bird Rights,5058198
135,Derrick Williams,SAC,5016960,5016960,6331404,,,,1st Round Pick,11348364
136,Andre Miller,WAS,5000000,5000000,4625000,,,,Bird Rights,7000000
137,Chase Budinger,MIN,5000000,5000000,5000000,5000000,,,Bird Rights,10000000
138,Ramon Sessions,MIL,5000000,5000000,,,,,Cap Space,5000000
139,Brandan Wright,DAL,5000000,5000000,5000000,,,,Early Bird Rights,10000000
140,DeMarcus Cousins,SAC,4916974,4916974,13701250,14728844,15756438,16784031,1st Round Pick,65887537
141,Michael Kidd-Gilchrist,CHA,4809840,4809840,5016960,6331404,,,1st Round Pick,9826800
142,Victor Oladipo,ORL,4763760,4763760,4978200,5192520,6552960,,1st Round Pick,9741960
143,Boris Diaw,SAS,4702500,4702500,,,,,MLE,4702500
144,Jose Barea,MIN,4687000,4687000,4519500,,,,Cap Space,9206500
145,Michael Beasley,PHO,4666667,4666667,777778,777778,777777,,,7000000
146,Luc Mbah a Moute,MIN,4588384,4588384,4382576,,,,Bird Rights,8970960
147,Luis Scola,IND,4508504,4508504,4868499,,,,Cap Space,9377003
148,Enes Kanter,UTA,4505280,4505280,5694674,,,,1st Round Pick,10199954
149,Corey Brewer,MIN,4500000,4500000,4702500,4905000,,,Cap Space,9202500
150,Jonas Jerebko,DET,4500000,4500000,4500000,,,,Early Bird Rights,4500000
151,Tony Allen,MEM,4494382,4494382,4831461,5168539,5505618,,Bird Rights,20000000
152,Ekpe Udoh,MIL,4469548,4469548,,,,,1st Round Pick,4469548
153,Timofey Mozgov,DEN,4400000,4400000,4650000,4950000,,,Bird Rights,9045000
154,Udonis Haslem,MIA,4340000,4340000,4620000,,,,Cap Space,4340000
155,Luke Ridnour,CHA,4320000,4320000,,,,,Cap Space,4320000
156,Bradley Beal,WAS,4319280,4319280,4505280,5694674,,,1st Round Pick,8824560
157,Otto Porter,WAS,4278000,4278000,4470480,4662960,5893981,,1st Round Pick,8748480
158,Earl Clark,PHI,4250000,4250000,,,,,,4250000
159,Jared Dudley,LAC,4250000,4250000,4250000,4250000,,,Bird Rights,12750000
160,Greg Monroe,DET,4086454,4086454,,,,,1st Round Pick,4086454
161,Tristan Thompson,CLE,4062000,4062000,5138430,,,,1st Round Pick,9200430
162,Kirk Hinrich,CHI,4059000,4059000,,,,,MLE,4059000
163,Ricky Rubio,MIN,4002120,4002120,5070686,,,,1st Round Pick,9072806
164,Brandon Rush,UTA,4000000,4000000,,,,,Bird Rights,4000000
165,Mario Chalmers,MIA,4000000,4000000,,,,,Bird Rights,4000000
166,Ian Mahinmi,IND,4000000,4000000,4000000,4000000,,,Early Bird Rights,12000000
167,Steve Blake,GSW,4000000,4000000,,,,,MLE,4000000
168,Elton Brand,ATL,4000000,4000000,,,,,Cap Space,4000000
169,Matt Bonner,SAS,3945000,3945000,,,,,Bird Rights,3945000
170,Thabo Sefolosha,OKC,3900000,3900000,,,,,Bird Rights,3900000
171,Dion Waiters,CLE,3894240,3894240,4062000,5138430,,,1st Round Pick,7956240
172,Cody Zeller,CHA,3857040,3857040,4030560,4204200,5318313,,1st Round Pick,7887600
173,Joel Anthony,BOS,3800000,3800000,3800000,,,,Bird Rights,3800000
174,Roshown McLeod,BOS,3772503,,,,,,,
175,Danny Green,SAS,3762500,3762500,4025000,,,,Early Bird,7787500
176,Steve Novak,TOR,3750000,3750000,3445946,3750000,,,Early Bird,10945946
177,Samuel Dalembert,DAL,3700748,3700748,3867282,,,,Cap Space,5500748
178,Al-Farouq Aminu,NOP,3700000,3700000,,,,,Bird Rights,3700000
179,Raymond Felton,NYK,3637073,3637073,3793693,3950313,,,Cap Space,7430766
180,Al Harrington,ORL,3574300,3574300,3804900,,,,,7379200
181,Jordan Hill,LAL,3563600,3563600,,,,,Bird Rights,3563600
182,Jonas Valanciunas,TOR,3526440,3526440,3678360,4660482,,,1st Round Pick,7204800
183,Thomas Robinson,POR,3526440,3526440,3678360,4660482,,,1st Round Pick,7204800
184,Shannon Brown,WAS,3500000,3500000,,,,,,3500000
185,Gerald Green,PHO,3500000,3500000,3500000,,,,Cap Space,7000000
186,Marreese Speights,GSW,3500000,3500000,3657500,3815000,,,MLE,7157500
187,Alex Len,PHO,3492720,3492720,3649920,3807120,4823621,,1st Round Pick,7142640
188,Gordon Hayward,UTA,3452183,3452183,,,,,1st Round Pick,3452183
189,Jan Vesely,DEN,3340920,3340920,,,,,1st Round Pick,3340920
190,Paul George,IND,3282003,3282003,13701250,14728844,15756438,16784031,1st Round Pick,64252566
191,Shane Battier,MIA,3270000,3270000,,,,,Mini MLE,3270000
192,Carlos Delfino,MIL,3250000,3250000,3250000,3250000,,,Cap Space,6500000
193,Matt Barnes,LAC,3250000,3250000,3396250,3542500,,,MLE,6646250
194,Alonzo Gee,CLE,3250000,3250000,3000000,,,,Early Bird Rights,3250000
195,Gary Neal,CHA,3250000,3250000,3250000,,,,Cap Space,6500000
196,Darrell Arthur,DEN,3231683,3231683,3457149,,,,Bird Rights,3231683
197,Ray Allen,MIA,3229050,3229050,,,,,Mini MLE,3229050
198,Mirza Teletovic,BRK,3229050,3229050,3368100,,,,Mini MLE,6597150
199,Damian Lillard,POR,3202920,3202920,3340920,4236287,,,1st Round Pick,6543840
200,Tyler Hansbrough,TOR,3183000,3183000,3326235,,,,MLE,4183000
201,Chris Kaman,LAL,3183000,3183000,,,,,Mini MLE,3183000
202,Mike Dunleavy,CHI,3183000,3183000,3326235,,,,Mini MLE,6509235
203,Andrei Kirilenko,BRK,3183000,3183000,3326235,,,,Mini MLE,3183000
204,Vince Carter,DAL,3180000,3180000,,,,,Mini MLE,3180000
205,Nerlens Noel,PHI,3172320,3172320,3315120,3457800,4384490,,1st Round Pick,6487440
206,Ed Davis,MEM,3153860,3153860,,,,,1st Round Pick,3153860
207,Alexey Shved,MIN,3150000,3150000,3282056,,,,Cap Space,6432056
208,Jerryd Bayless,BOS,3135000,3135000,,,,,MLE,3135000
209,Patrick Patterson,TOR,3105302,3105302,,,,,1st Round Pick,3105302
210,Lavoy Allen,IND,3060000,3060000,,,,,Cap Space,3060000
211,Larry Sanders,MIL,3053368,3053368,11000000,11000000,11000000,11000000,1st Round Pick,47053368
212,Bismack Biyombo,CHA,3049920,3049920,3873398,,,,1st Round Pick,6923318
213,Travis Outlaw,SAC,3000000,3000000,3000000,,,,Cap Space,6000000
214,Dorell Wright,POR,3000000,3000000,3000000,,,,Cap Space,6000000
215,Kosta Koufos,MEM,3000000,3000000,3000000,,,,Bird Rights,3500000
216,Chris Copeland,IND,3000000,3000000,3135000,,,,MLE,6135000
217,Randy Foye,DEN,3000000,3000000,3135000,3270000,,,Non Bird Rights,9405000
218,Kwame Brown,PHI,2945901,2945901,,,,,,2945901
219,Harrison Barnes,GSW,2923920,2923920,3049920,3873398,,,1st Round Pick,5973840
220,Joel Freeland,POR,2897976,2897976,3013512,,,,Cap Space,5911488
221,Ben McLemore,SAC,2895960,2895960,3026280,3156600,4008882,,1st Round Pick,5922240
222,Ron Harper,LAL,2860000,,,,,,,
223,Quentin Richardson,ORL,2808600,2808600,,,,,,2808600
224,Brandon Knight,MIL,2793960,2793960,3553917,,,,1st Round Pick,6347877
225,Will Bynum,DET,2790343,2790343,2915908,,,,Cap Space,5706251
226,Marcus Camby,TOR,2763054,2763054,646609,,,,,3409663
227,Kevin Seraphin,WAS,2761114,2761114,,,,,1st Round Pick,2761114
228,Marco Belinelli,SAS,2750000,2750000,2873750,,,,MLE,5623750
229,Aaron Gray,SAC,2690875,2690875,,,,,Room Exception,2690875
230,Terrence Ross,TOR,2678640,2678640,2793960,3553917,,,1st Round Pick,5472600
231,Greg Stiemsma,NOP,2676000,2676000,,,,,Cap Space,2676000
232,Kentavious Caldwell-Pope,DET,2653080,2653080,2772480,2891760,3678319,,1st Round Pick,5425560
233,Mo Williams,POR,2652000,2652000,2771340,,,,Room Exception,2652000
234,Wayne Ellington,DAL,2652000,2652000,2771340,,,,Room Exception,5423340
235,Josh McRoberts,CHA,2652000,2652000,2771340,,,,Room Exception,2652000
236,Eric Bledsoe,PHO,2626473,2626473,,,,,1st Round Pick,2626473
237,Nick Collison,OKC,2585668,2585668,2242003,,,,Bird Rights,4827671
238,Kemba Walker,CHA,2568360,2568360,3272091,,,,1st Round Pick,5840451
239,DeMarre Carroll,ATL,2557545,2557545,2442455,,,,Cap Space,5000000
240,Avery Bradley,BOS,2511432,2511432,,,,,1st Round Pick,2511432
241,Jason Maxiell,ORL,2500000,2500000,2500000,,,,MLE,2500000
242,Jason Smith,NOP,2500000,2500000,,,,,Bird Rights,2500000
243,Chauncey Billups,DET,2500000,2500000,2500000,,,,Cap Space,2500000
244,Andre Drummond,DET,2462400,2462400,2568360,3272091,,,1st Round Pick,5030760
245,Jimmer Fredette,SAC,2439840,2439840,,,,,1st Round Pick,2493840
246,Trey Burke,UTA,2438760,2438760,2548560,2658240,3386598,,1st Round Pick,4987320
247,Trevor Booker,WAS,2350820,2350820,,,,,1st Round Pick,2350820
248,Austin Rivers,NOP,2339040,2339040,2439840,3110796,,,1st Round Pick,4778880
249,Klay Thompson,GSW,2317920,2317920,3075880,,,,1st Round Pick,5393800
250,C.J. McCollum,POR,2316720,2316720,2421000,2525160,3219579,,1st Round Pick,4737720
251,Quincy Pondexter,MEM,2225479,2225479,3146068,3382023,3617978,3853931,1st Round Pick,16225479
252,C.J. Miles,CLE,2225000,2225000,,,,,Cap Space,2225000
253,Meyers Leonard,POR,2222160,2222160,2317920,3075880,,,1st Round Pick,4540080
254,Alec Burks,UTA,2202000,2202000,3034356,,,,1st Round Pick,5236356
255,Michael Carter-Williams,PHI,2200920,2200920,2300040,2399040,3183526,,1st Round Pick,4500960
256,Dante Cunningham,MIN,2180000,2180000,,,,,MLE,2180000
257,Jordan Crawford,GSW,2162419,2162419,,,,,1st Round Pick,2162419
258,Greivis Vasquez,TOR,2150188,2150188,,,,,1st Round Pick,2150188
259,Jeremy Lamb,OKC,2111160,2111160,2202000,3034356,,,1st Round Pick,4313160
260,Shammond Williams,LAL,2100000,,,,,,,
261,Markieff Morris,PHO,2091840,2091840,2989239,,,,1st Round Pick,5081079
262,Steven Adams,OKC,2090880,2090880,2184960,2279040,3140517,,1st Round Pick,4275840
263,Brendan Haywood,CHA,2050000,2050000,2213688,10522500,,,Cap Space,4263688
264,Sebastian Telfair,TOR,2037750,,,,,,,
265,Eric Maynor,PHI,2016000,2016000,2106720,,,,BAE,2016000
266,C.J. Watson,IND,2016000,2016000,2106720,,,,BAE,4122720
267,Nate Robinson,DEN,2016000,2016000,2106720,,,,BAE,2016000
268,Kendall Marshall,WAS,2005560,2005560,,,,,,2005560
269,Jermaine O'Neal,GSW,2000000,2000000,,,,,BAE,2000000
270,Vitor Faverani,BOS,2000000,2000000,2090000,2180000,,,Mini MLE,4090000
271,Marcus Morris,PHO,1987320,1987320,2943221,,,,1st Round Pick,4930541
272,Kelly Olynyk,BOS,1986360,1986360,2075760,2165160,3094014,,1st Round Pick,4062120
273,John Henson,MIL,1905360,1905360,1987320,2943221,,,1st Round Pick,3892680
274,Darren Collison,LAC,1900000,1900000,1985500,,,,MLE,3885500
275,Kawhi Leonard,SAS,1887840,1887840,2894059,,,,1st Round Pick,4781899
276,Shabazz Muhammad,MIN,1887120,1887120,1971960,2056920,3046299,,1st Round Pick,3859080
277,[Fran Vasquez] [#11 in 2005],ORL,1834100,1834100,1916700,1999200,2652938,,,
278,Maurice Harkless,ORL,1809840,1809840,1887840,2894059,,,1st Round Pick,3697680
279,Karl Malone,LAL,1800000,,,,,,,
280,Nikola Vucevic,ORL,1793520,1793520,2751260,,,,1st Round Pick,4544780
281,Giannis Antetokounmpo,MIL,1792560,1792560,1873200,1953960,2995421,,1st Round Pick,3665760
282,Jeff Ayres,SAS,1750000,1750000,1828750,,,,MLE,3578750
283,Luigi Datome,DET,1750000,1750000,1750000,,,,Cap Space,3500000
284,Anthony Randolph,DEN,1750000,1750000,1825359,,,,MLE,3575359
285,Royce White,PHI,1719480,1719480,,,,,,1719480
286,Iman Shumpert,NYK,1703760,1703760,2616975,,,,1st Round Pick,4320735
287,Reggie Evans,SAC,1695635,1695635,1768653,,,,Non Bird Rights,3464288
288,Jeremy Evans,UTA,1660257,1660257,1794871,,,,Early Bird Rights,3455128
289,Tyler Zeller,CLE,1633440,1633440,1703760,2616975,,,1st Round Pick,3337200
290,Chris Singleton,WAS,1618680,1618680,,,,,1st Round Pick,1618680
291,John Lucas,UTA,1600000,1600000,1600000,,,,Cap Space,1600000
292,Toney Douglas,MIA,1600000,1600000,,,,,MLE,1600000
293,Pablo Prigioni,NYK,1591350,1591350,1662961,1734572,,,MLE,3544311
294,Metta World Peace,NYK,1590000,1590000,1661550,,,,,3251550
295,Terrence Jones,HOU,1551840,1551840,1618680,2489530,,,1st Round Pick,3170520
296,Jodie Meeks,LAL,1550000,1550000,,,,,Mini MLE,1550000
297,Tobias Harris,ORL,1545840,1545840,2380594,,,,1st Round Pick,3926434
298,Shane Larkin,DAL,1536960,1536960,1606080,1675320,2576642,,1st Round Pick,3143040
299,Ronny Turiaf,MIN,1500000,1500000,1500000,,,,Room Exception,3000000
300,Miroslav Raduljica,MIL,1500000,1500000,1500000,1567500,,,Cap Space,3000000
301,Viacheslav Kravtsov,MIL,1500000,1500000,,,,,MLE,1500000
302,James Jones,MIA,1500000,1500000,,,,,Bird Rights,1500000
303,Chris Duhon,LAL,1500000,1500000,,,,,,1500000
304,Gustavo Ayon,ATL,1500000,1500000,,,,,MLE,1500000
305,Andrew Nicholson,ORL,1482000,1482000,1545840,2380594,,,1st Round Pick,3027840
306,Sergey Karasev,CLE,1467840,1467840,1533840,1599840,2463754,,1st Round Pick,3001680
307,Nando De Colo,TOR,1463000,1463000,,,,,BAE,1463000
308,Donatas Motiejunas,HOU,1422720,1422720,1483920,2288205,,,1st Round Pick,2906640
309,Evan Fournier,DEN,1422720,1422720,1483920,2288205,,,1st Round Pick,2906640
310,Tony Snell,CHI,1409040,1409040,1472400,1535880,2368327,,1st Round Pick,2881440
311,Quentin Richardson,TOR,1399507,1399507,,,,,,1399507
312,Chris Andersen,MIA,1399507,1399507,1448490,,,,Minimum Salary,1399507
313,Rashard Lewis,MIA,1399507,1399507,,,,,Minimum Salary,1399507
314,Willie Green,LAC,1399507,1399507,1448490,,,,Non Bird Rights,1399507
315,Andray Blatche,BRK,1375604,1375604,1437506,,,,Non Bird Rights,1375604
316,Kenneth Faried,DEN,1367640,1367640,2249768,,,,1st Round Pick,3617408
317,Jared Sullinger,BOS,1365720,1365720,1424520,2269260,,,1st Round Pick,2790240
318,Gorgui Dieng,MIN,1352640,1352640,1413480,1474440,2348783,,1st Round Pick,2766120
319,Dennis Schroeder,ATL,1348200,1348200,1690680,1763400,2708582,,1st Round Pick,3038880
320,Victor Claver,POR,1330000,1330000,1370000,,,,Cap Space,2700000
321,Mason Plumlee,BRK,1298640,1298640,1357080,1415520,2328530,,1st Round Picke,2655720
322,D.J. Augustin,TOR,1267000,1267000,,,,,,1267000
323,Ronnie Price,ORL,1265977,1265977,1316809,,,,Minimum Salary,1265977
324,Francisco Garcia,HOU,1265977,1265977,1316809,,,,Minimum Salary,1265977
325,Reggie Jackson,OKC,1260360,1260360,2204370,,,,1st Round Pick,3464730
326,John Jenkins,ATL,1258800,1258800,1312920,2228025,,,1st Round Pick,2571720
327,Solomon Hill,IND,1246680,1246680,1302840,1358880,2306019,,1st Round Pick,2549520
328,MarShon Brooks,LAL,1210080,1210080,,,,,1st Round Pick,1210080
329,Jared Cunningham,ATL,1208400,1208400,,,,,,1208400
330,Hasheem Thabeet,OKC,1200000,1200000,1250000,,,,MLE,1200000
331,Pero Antic,ATL,1200000,1200000,1250000,,,,Cap Space,1200000
332,Tim Hardaway,NYK,1196760,1196760,1250640,1304520,2281605,,1st Round Pick,2447400
333,Ronnie Brewer,HOU,1186459,1186459,,,,,,1186459
334,Jordan Hamilton,HOU,1169880,1169880,,,,,1st Round Pick,1169880
335,Tony Wroten,PHI,1160040,1160040,1210080,2179354,,,1st Round Pick,2370120
336,Reggie Bullock,LAC,1149000,1149000,1200720,1252440,2255644,,1st Round Pick,2349720
337,Patrick Mills,SAS,1133950,1133950,,,,,Non Bird Rights,1133950
338,Norris Cole,MIA,1129200,1129200,2038206,,,,1st Round Pick,3167406
339,Miles Plumlee,PHO,1121520,1121520,1169880,2109294,,,1st Round Pick,2291400
340,Cory Joseph,SAS,1120920,1120920,2023261,,,,1st Round Pick,3144181
341,Jimmy Butler,CHI,1112880,1112880,2008748,,,,1st Round Pick,3121628
342,Andre Roberson,OKC,1110840,1110840,1160880,1210800,2183072,,1st Round Pick,2271720
343,Nick Young,LAL,1106942,1106942,1227985,,,,Minimum Salary,1106942
344,Arnett Moultrie,PHI,1089240,1089240,1136160,2049633,,,1st Round Pick,2225400
345,Perry Jones,OKC,1082520,1082520,1129200,2038206,,,1st Round Pick,2211720
346,Rudy Gobert,UTA,1078800,1078800,1127400,1175880,2121288,,1st Round Pick,2206200
347,Marquis Teague,CHI,1074720,1074720,1120920,2023261,,,1st Round Pick,2195640
348,Festus Ezeli,GSW,1066920,1066920,1112880,2008748,,,1st Round Pick,2179800
349,Archie Goodwin,PHO,1064400,1064400,1112280,1160160,2094089,,1st Round Pick,2176680
350,Nemanja Nedovic,GSW,1056720,1056720,1104240,1151760,2078927,,1st Round Pick,2160960
351,Kyle Singler,DET,1045000,1045000,1090000,,,,MLE,2135000
352,Nikola Mirotic,CHI,1038900,1038900,1085700,1132400,1921683,,,
353,Anthony Morrow,NOP,1027424,1027424,1145684,,,,Minimum Salary,1027424
354,Lance Stephenson,IND,1005000,1005000,,,,,MLE,1005000
355,Andrew Bynum,IND,1000000,1000000,,,,,MLE,1000000
356,Ishmael Smith,MIL,951463,951463,992435,,,,Non Bird Rights,951463
357,Austin Daye,SAS,947907,947907,1063384,,,,Minimum Salary,1197907
358,Byron Mullens,PHI,947907,947907,1063384,,,,Minimum Salary,947907
359,Omri Casspi,HOU,947907,947907,1063384,,,,Minimum Salary,947907
360,Alan Anderson,BRK,947907,947907,1063384,,,,Minimum Salary,947907
361,Chandler Parsons,HOU,926500,926500,964750,,,,Cap Space,926500
362,Chris Johnson,MIN,916099,916099,,,,,,916099
363,Jeff Adrien,MIL,916099,916099,,,,,Minimum Salary,916099
364,James Anderson,HOU,916099,916099,981084,,,,Cap Space,916099
365,Jon Leuer,MEM,900000,900000,967500,1035000,,,Early Bird Rights,1867500
366,Malcolm Lee,WAS,884293,884293,,,,,,884293
367,Al Harrington,WAS,884293,1399507,,,,,Minimum Salary,884293
368,Garrett Temple,WAS,884293,916099,,,,,Minimum Salary,884293
369,Mickael Pietrus,TOR,884293,,,,,,,
370,Julyan Stone,TOR,884293,884293,948163,,,,Minimum Salary,884293
371,Glenn Robinson,SAS,884293,,,,,,,
372,Damon Stoudamire,SAS,884293,,,,,,,
373,Jacque Vaughn,SAS,884293,,,,,,,
374,Nick Van Exel,SAS,884293,,,,,,,
375,Tracy McGrady,SAS,884293,,,,,,,
376,Roger Mason,SAC,884293,1399507,,,,,,884293
377,Isaiah Thomas,SAC,884293,884293,,,,,Cap Space,884293
378,Earl Watson,POR,884293,1399507,,,,,Minimum Salary,884293
379,P.J. Tucker,PHO,884293,884293,,,,,Cap Space,884293
380,Charles Jenkins,PHI,884293,,,,,,,
381,Jeremy Richardson,ORL,884293,,,,,,,
382,E'Twaun Moore,ORL,884293,884293,,,,,Minimum Salary,884293
383,Derek Fisher,OKC,884293,1399507,,,,,Minimum Salary,884293
384,Baron Davis,NYK,884293,,,,,,,
385,Earl Barron,NYK,884293,,,,,,,
386,Mike Bibby,NYK,884293,,,,,,,
387,Cole Aldrich,NYK,884293,916099,,,,,Minimum Salary,884293
388,Kenyon Martin,NYK,884293,1399507,,,,,Minimum Salary,884293
389,A.J. Price,MIN,884293,947907,,,,,Minimum Salary,884293
390,Marquis Daniels,MIL,884293,,,,,,,
391,Juwan Howard,MIA,884293,,,,,,,
392,Michael Beasley,MIA,884293,1027424,,,,,Minimum Salary,884293
393,Greg Oden,MIA,884293,1027424,,,,,Minimum Salary,884293
394,Leon Powe,MEM,884293,,,,,,,
395,Gilbert Arenas,MEM,884293,,,,,,,
396,Keyon Dooling,MEM,884293,,,,,,,
397,Lester Hudson,MEM,884293,,,,,,,
398,Marcus Williams,MEM,884293,,,,,,,
399,Mike Miller,MEM,884293,1399507,,,,,Minimum Salary,884293
400,Beno Udrih,MEM,884293,1272279,,,,,Minimum Salary,884293
401,Joe Smith,LAL,884293,,,,,,,
402,Mitch Richmond,LAL,884293,,,,,,,
403,John Salley,LAL,884293,,,,,,,
404,Jim Jackson,LAL,884293,,,,,,,
405,Ira Newble,LAL,884293,,,,,,,
406,Horace Grant,LAL,884293,,,,,,,
407,Brian Shaw,LAL,884293,,,,,,,
408,Andrew Goudelock,LAL,884293,,,,,,,
409,Theo Ratliff,LAL,884293,,,,,,,
410,Jordan Farmar,LAL,884293,1106942,,,,,Minimum Salary,884293
411,Xavier Henry,LAL,884293,916099,,,,,Minimum Salary,884293
412,Wesley Johnson,LAL,884293,916099,,,,,Minimum Salary,884293
413,Ryan Hollins,LAC,884293,1186459,,,,,Minimum Salary,884293
414,Rasual Butler,IND,884293,1399507,,,,,Minimum Salary,884293
415,Donald Sloan,IND,884293,884293,948163,,,,Minimum Salary,884293
416,Marcus Camby,HOU,884293,1399507,,,,,,884293
417,Greg Smith,HOU,884293,884293,,,,,Room Exception,884293
418,Josh Harrellson,DET,884293,884293,948163,,,,Minimum Salary,884293
419,Wesley Person,DEN,884293,,,,,,,
420,Aaron Brooks,DEN,884293,1027424,,,,,Minimum Salary,884293
421,DeJuan Blair,DAL,884293,947907,,,,,Minimum Salary,884293
422,Devin Harris,DAL,884293,1272279,,,,,Minimum Salary,884293
423,Vladimir Radmanovic,CHI,884293,,,,,,,
424,Daequan Cook,CHI,884293,,,,,,,
425,Brian Scalabrine,CHI,884293,,,,,,,
426,Nazr Mohammed,CHI,884293,1399507,,,,,Minimum Salary,884293
427,Anthony Tolliver,CHA,884293,1027424,,,,,Minimum Salary,884293
428,Jannero Pargo,CHA,884293,1399507,,,,,Minimum Salary,884293
429,Jerry Stackhouse,BRK,884293,,,,,,,
430,Shaun Livingston,BRK,884293,1272279,,,,,Minimum Salary,884293
431,Scot Pollard,BOS,884293,,,,,,,
432,Michael Olowokandi,BOS,884293,,,,,,,
433,Shaquille O'Neal,BOS,884293,,,,,,,
434,Stephon Marbury,BOS,884293,,,,,,,
435,Michael Finley,BOS,884293,,,,,,,
436,Mark Bryant,BOS,884293,,,,,,,
437,Grant Long,BOS,884293,,,,,,,
438,Dana Barros,BOS,884293,,,,,,,
439,Chris Wilcox,BOS,884293,,,,,,,
440,Carlos Arroyo,BOS,884293,,,,,,,
441,P.J. Brown,BOS,884293,,,,,,,
442,Antawn Jamison,ATL,884293,1399507,,,,,,884293
443,Shelvin Mack,ATL,884293,884293,,,,,Minimum Salary,884293
444,Draymond Green,GSW,875500,875500,915243,,,,MLE,1125500
445,Allen Crabbe,POR,825000,825000,862000,947276,,,Cap Space,1687000
446,Elliot Williams,PHI,792156,792156,981084,1100602,1227286,,Cap Space,792156
447,Diante Garrett,UTA,788872,788872,915243,981348,,,Cap Space,788872
448,Aron Baynes,SAS,788872,788872,,,,,Minimum Salary,788872
449,Quincy Acy,SAC,788872,788872,915243,,,,Cap Space,788872
450,Will Barton,POR,788872,788872,915243,,,,Cap Space,788872
451,Henry Sims,PHI,788872,788872,915243,,,,Minimum Salary,788872
452,DeQuan Jones,ORL,788872,,,,,,,
453,Doron Lamb,ORL,788872,788872,915243,,,,MLE,788872
454,Kyle O'Quinn,ORL,788872,788872,915243,,,,MLE,788872
455,Tyshawn Taylor,NOP,788872,788872,,,,,,788872
456,Brian Roberts,NOP,788872,788872,,,,,Minimum Salary,50000
457,Darius Miller,NOP,788872,788872,,,,,Minimum Salary,788872
458,Khris Middleton,MIL,788872,788872,915243,,,,MLE,788872
459,Robert Sacre,LAL,788872,788872,915243,981348,,,Non Bird Rights,1704115
460,Kent Bazemore,LAL,788872,788872,,,,,Minimum Salary,788872
461,Ben Hansbrough,IND,788872,,,,,,,
462,Orlando Johnson,IND,788872,788872,,,,,,788872
463,Patrick Beverley,HOU,788872,788872,915243,,,,Cap Space,788872
464,Quincy Miller,DEN,788872,788872,915243,,,,MLE,788872
465,Bernard James,DAL,788872,788872,,,,,Cap Space,788872
466,Jae Crowder,DAL,788872,788872,915243,,,,Cap Space,788872
467,Tornike Shengelia,CHI,788872,788872,,,,,Minimum Salary,788872
468,Jeffery Taylor,CHA,788872,788872,915243,,,,Cap Space,788872
469,Mike Scott,ATL,788872,788872,,,,,Minimum Salary,788872
470,Malcolm Thomas,UTA,702233,702233,948163,,,,Minimum Salary,702233
471,Dwight Buycks,TOR,700000,700000,816482,,,,MLE,700000
472,Aaron Brooks,SAC,674193,674193,,,,,,686419
473,Chris Douglas-Roberts,CHA,660619,708142,,,,,Minimum Salary,660619
474,D.J. Augustin,CHI,650216,755459,,,,,Minimum Salary,650216
475,Alexis Ajinca,NOP,635880,635880,981084,,,,Minimum Salary,1616964
476,James Johnson,MEM,634610,680263,,,,,Minimum Salary,634610
477,Isaiah Canaan,HOU,570515,570515,816482,947276,,,Cap Space,2144818
478,Jeremy Tyler,NYK,556584,556584,948163,,,,Minimum Salary,556584
479,Kendall Marshall,LAL,547570,547570,915243,,,,Minimum Salary,547570
480,Ricky Ledo,DAL,544000,544000,816482,947276,1015696,,Cap Space,1360482
481,Jamaal Franklin,MEM,535000,535000,816482,947276,,,MLE,1351482
482,Ray McCallum,SAC,524616,524616,816482,947276,,,Cap Space,1341098
483,Carrick Felix,CLE,510000,510000,816482,947276,1015696,,Cap Space,1326482
484,Ryan Gomes,BOS,509479,509479,,,,,,509479
485,Nate Wolters,MIL,500000,500000,816482,947276,,,Cap Space,1316482
486,Tony Mitchell,DET,500000,500000,816482,947276,,,Cap Space,1316482
487,Glen Rice,WAS,490180,490180,816482,,,,Minimum Salary,
488,Ian Clark,UTA,490180,490180,816482,,,,Minimum Salary,490180
489,Dionte Christmas,PHO,490180,490180,816482,,,,Minimum Salary,490180
490,Hollis Thompson,PHI,490180,490180,816482,947276,1015696,,Cap Space,490180
491,Brandon Davies,PHI,490180,490180,816482,947276,1015696,,Cap Space,490180
492,Chris Smith,NYK,490180,490180,,,,,,490180
493,Toure' Murry,NYK,490180,490180,,,,,Minimum Salary,490180
494,Jeff Withey,NOP,490180,490180,816482,,,,Minimum Salary,490180
495,Robbie Hummel,MIN,490180,490180,,,,,Minimum Salary,490180
496,Nick Calathes,MEM,490180,490180,816482,,,,Minimum Salary,
497,Ryan Kelly,LAL,490180,490180,,,,,Minimum Salary,490180
498,Robert Covington,HOU,490180,490180,816482,947276,,,Cap Space,640180
499,Ognjen Kuzmic,GSW,490180,490180,816482,,,,Minimum Salary,1306662
500,Peyton Siva,DET,490180,490180,816482,,,,Minimum Salary,490180
501,Gal Mekel,DAL,490180,490180,816482,947276,,,Cap Space,2253938
502,Matthew Dellavedova,CLE,490180,490180,816482,,,,Minimum Salary,490180
503,Erik Murphy,CHI,490180,490180,816482,,,,Minimum Salary,490180
504,Phil Pressey,BOS,490180,490180,816482,947276,,,Mini MLE,490180
505,Solomon Jones,ORL,488542,488542,,,,,,488542
506,Shawne Williams,LAL,475334,475334,,,,,,475334
507,Reggie Williams,HOU,473954,473954,,,,,,473954
508,Hedo Turkoglu,LAC,473357,749148,,,,,,473357
509,Cartier Martin,ATL,441188,441188,,,,,,441188
510,Fab Melo,MEM,437080,437080,437080,437080,,,,1311240
511,Lorenzo Brown,PHI,423862,423862,816482,947276,1015696,,Cap Space,423862
512,Mike James,CHI,419852,419852,,,,,,419852
513,Leandro Barbosa,PHO,410936,650359,,,,,Minimum Salary,410936
514,Mike Harris,UTA,393384,393384,,,,,,39384
515,Daniel Orton,PHI,393384,393384,,,,,,393384
516,Hamady N'Diaye,SAC,374524,374524,,,,,,374524
517,Luke Babbitt,NOP,374524,387995,981084,,,,Minimum Salary,374524
518,Louis Amundson,NOP,362917,362917,,,,,,362917
519,Glen Davis,LAC,338594,338594,1227985,,,,Minimum Salary,338594
520,Richard Hamilton,CHI,333334,333334,333333,333333,,,,1000000
521,Maalik Wayns,LAC,329470,329470,,,,,,329470
522,Chris Johnson,BOS,320189,320189,915243,981348,,,Minimum Salary,320189
523,Cartier Martin,ATL,286095,332402,,,,,Minimum Salary,286095
524,Stephen Jackson,LAC,255204,255204,,,,,,255204
525,Josh Childress,NOP,237292,237292,,,,,,237292
526,Hamed Haddadi,PHO,200000,200000,,,,,,200000
527,Darius Morris,PHI,200000,200000,,,,,,200000
528,(C.J. Leslie),NYK,200000,200000,,,,,,200000
529,Troy Daniels,HOU,158588,158588,816482,,,,Minimum Salary,158588
530,Hilton Armstrong,GSW,132961,132961,,,,,,132961
531,James Southerland,CHA,132637,132637,,,,,,132637
532,Jamaal Tinsley,UTA,131718,131718,,,,,,131718
533,Gani Lawal,PHI,100000,100000,,,,,,100000
534,Jeremy Tyler,NYK,100000,100000,,,,,,100000
535,Tyler Honeycutt,HOU,100000,100000,,,,,,100000
536,Jeremy Tyler,ATL,100000,100000,,,,,,100000
537,Elias Harris,LAL,95153,95153,,,,,,95153
538,Lance Thomas,NOP,83228,83228,,,,,,83228
539,Seth Curry,GSW,75000,75000,,,,,,75000
540,Dewayne Dedmon,GSW,57668,57668,,,,,,57668
541,Vander Blue,PHI,55000,55000,,,,,,55000
542,Shannon Brown,SAS,52017,69792,,,,,,52017
543,Othyus Jeffers,SAS,52017,52017,,,,,,52017
544,Shannon Brown,SAS,52017,69792,,,,,,52017
545,Leandro Barbosa,PHO,52017,82324,,,,,,52017
546,Leandro Barbosa,PHO,52017,82324,,,,,,52017
547,Royal Ivey,OKC,52017,74840,,,,,,52017
548,Darius Morris,MEM,52017,52017,,,,,,52017
549,Shawne Williams,LAL,52017,65114,,,,,,52017
550,Manny Harris,LAL,52017,52017,,,,,,52017
551,Manny Harris,LAL,52017,52017,,,,,,52017
552,Sasha Vujacic,LAC,52017,69792,,,,,,52017
553,Darius Morris,LAC,52017,52017,,,,,,52017
554,Darius Morris,LAC,52017,52017,,,,,,52017
555,Hilton Armstrong,GSW,52017,60437,,,,,Minimum Salary,52017
556,Mike James,CHI,52017,82324,,,,,,52017
557,Cartier Martin,CHI,52017,60437,,,,,,52017
558,Cartier Martin,CHI,52017,60437,,,,,,52017
559,Jason Collins,BRK,52017,82324,,,,,Minimum Salary,52017
560,Cartier Martin,ATL,52017,60437,,,,,,52017
561,Cartier Martin,ATL,52017,60437,,,,,,52017
562,Dexter Pittman,ATL,52017,53888,,,,,Minimum Salary,52017
563,(E.J. Singler),POR,50000,50000,,,,,,50000
564,(Dee Bost),POR,50000,50000,,,,,,50000
565,(Brandon Davies),LAC,50000,50000,,,,,,50000
566,Maalik Wayns,LAC,46404,46404,,,,,,46404
567,Jarvis Varnado,CHI,46404,46404,,,,,Minimum Salary,46404
568,Chris Johnson,BOS,46404,46404,,,,,,46404
569,Chris Johnson,BOS,46404,46404,,,,,,46404
570,Arinze Onuaku,NOP,46135,46135,,,,,,46135
571,Seth Curry,MEM,43251,43251,,,,,,43251
572,(B.J. Young),HOU,40000,40000,,,,,,40000
573,(Brandon Heath),SAC,35000,35000,,,,,,35000
574,(Rodney Williams),PHI,35000,35000,,,,,,35000
575,(Khalif Wyatt),PHI,35000,35000,,,,,,35000
576,Dewayne Dedmon,PHI,28834,28834,,,,,,28834
577,Dewayne Dedmon,PHI,28834,28834,,,,,,28834
578,Arinze Onuaku,CLE,28834,28834,,,,,Minimum Salary,28834
579,Vander Blue,BOS,28834,28834,,,,,,28834
580,James Nunnally,ATL,28834,28834,,,,,,28834
581,James Nunnally,ATL,28834,28834,,,,,,28834
582,Dewayne Dedmon,GSW,25000,25000,,,,,,25000